2012_004274.jpg,0,1,0,0,1,0,2,1,1,0,0,4,0,1,1,0,3,0,3,0,0,0,0,0,0,4,1,3,3,3,2,1,0,0,0,1,2,3,0,1,3,1,1,1,1,4,1,1,3,2,2,0,3,1,2,0,0,0,0,0,0,2,2,0,2,1,0,2,0,2,1,0,0,0,0,0,0,0,0,0,0,0,-11,74,21,15,22,41,-31,6,9,0,9,14,19,22,-7,0,1,3,-15,5,1,15,-2,2,2,0,-3,5,1,-4,-3,-3,-2,0,0,-1,-1,-1,-15,-7,-1,1,1,1,3,-11,1,0,2,2,2,3,3,0,0,0,0,-2,1,0,-3,-3,3,15,16,14,13,14,15,16,16,16,13,18,17,16,15,15,16,15,15,14,16,27,16,15,16,18,17,40,13,18,14,11,15,0,0,7,0,0,2,0,0,2,0,0,0,0,0,0,0,0,0,0,0,0,0,0,0,0,0,1,0,0,0,0,0,1,0,0,0,0,0,0,0,0,0,0,0,0,0,0,0,0,0,5,0,0,2,0,2,4,0,0,0,0,0,0,0,0,0,0,0,0,0,0,0,0,0,2,0,0,1,0,1,3,0,0,0,0,0,0,0,0,0,0,0,0,0,0,0,0,0,1,0,0,0,0,0,1,0,0,0,0,0,0,0,0,0,0,0,0,0,0,0,0,0,1,0,0,0,0,0,1,0,0,0,0,0,0,0,0,0,0,0,0,0,0,0
2012_004248.jpg,0,0,0,0,0,1,0,0,1,2,2,0,1,1,1,0,0,0,0,0,0,6,0,1,1,3,3,2,6,3,4,2,2,4,1,2,4,3,1,3,0,3,2,2,6,3,3,3,6,4,2,4,4,2,5,3,3,6,4,5,2,3,4,7,6,1,5,3,4,6,1,4,6,3,6,3,3,4,4,7,0,0,11,54,16,14,22,29,-10,13,11,22,9,14,19,22,-2,1,0,2,-1,5,0,0,-2,2,2,0,-3,5,1,-4,-3,-1,0,1,0,0,1,2,-5,-5,1,3,1,2,4,5,1,0,2,2,2,3,3,0,0,0,0,-2,1,0,-3,-3,49,16,29,19,14,17,17,18,16,14,15,16,13,17,16,15,16,14,15,16,15,12,14,27,21,17,15,39,16,12,13,15,15,5,0,0,0,0,0,0,0,0,1,2,0,0,0,0,0,0,0,0,0,0,0,0,0,1,0,0,0,0,0,1,0,1,2,3,2,0,0,0,0,0,0,0,0,0,0,0,0,2,0,0,0,0,0,1,1,1,4,5,4,0,0,0,0,0,0,0,0,0,0,0,0,2,1,0,0,0,0,2,1,2,3,4,3,0,0,0,0,0,0,0,0,0,0,0,0,0,0,0,0,0,0,1,0,1,1,2,2,0,0,0,0,0,0,0,0,0,0,0,0,0,0,0,0,0,0,1,0,1,1,2,1,0,0,0,0,0,0,0,0,0,0,0,0
2012_004300.jpg,1,2,3,5,6,0,1,3,2,6,0,1,2,1,6,0,1,0,1,6,2,3,3,1,5,3,3,4,5,6,5,3,5,4,4,6,2,4,5,3,0,6,1,0,1,1,6,1,3,2,1,6,2,3,4,0,7,1,2,2,1,4,4,4,2,0,6,1,4,3,0,5,0,0,0,3,3,2,3,5,0,0,23,40,-6,-2,5,12,-31,-25,-31,-15,9,14,19,22,2,2,2,3,3,6,-1,4,-2,2,2,0,-3,5,1,-4,-3,-3,-3,-13,-3,-3,-12,-12,-7,-7,-4,-3,-8,-6,1,-2,1,0,2,2,2,3,3,0,0,0,0,-2,1,0,-3,-3,9,13,11,9,13,15,16,17,19,18,13,18,14,17,15,16,16,15,17,12,17,27,17,18,16,16,15,35,12,16,12,15,16,0,2,3,0,0,1,0,0,0,0,0,1,0,0,0,0,0,0,0,0,1,0,0,0,0,2,3,0,0,1,0,0,1,0,0,1,0,0,0,0,0,0,0,0,1,0,0,0,0,6,4,0,0,2,2,1,2,2,0,4,0,0,1,0,0,0,0,0,1,0,0,0,0,3,3,2,1,2,2,1,1,0,0,0,0,0,0,0,0,0,0,0,0,0,0,0,0,1,2,0,0,1,0,0,0,0,0,0,0,0,0,0,0,0,0,0,0,0,0,0,0,2,2,0,0,1,0,0,0,0,0,0,0,0,0,0,0,0,0,0,0,0,0,0
2012_004315.jpg,5,2,2,2,3,0,3,3,1,6,1,5,4,2,4,1,4,5,4,7,3,3,5,4,3,3,2,6,6,6,4,2,4,4,6,3,3,4,5,6,3,3,4,6,5,4,2,6,6,5,2,3,6,3,7,3,3,6,4,6,2,2,6,7,6,2,4,6,3,6,1,6,3,3,3,4,3,6,4,5,0,0,22,63,-7,5,8,10,-27,4,-3,-1,9,14,19,22,2,0,3,5,0,5,0,2,-2,2,2,0,-3,5,1,-4,-3,-3,-3,-3,-3,-3,-8,-10,-3,-4,1,3,1,2,4,3,1,0,2,2,2,3,3,0,0,0,0,-2,1,0,-3,-3,29,11,25,24,17,18,16,17,15,19,18,17,12,13,14,15,16,16,14,14,13,26,14,13,17,15,15,35,18,13,16,14,16,1,2,1,0,0,0,1,0,0,0,0,0,0,0,0,0,0,0,0,0,0,0,0,0,1,3,1,0,0,1,1,0,1,1,0,1,0,0,1,0,0,0,0,0,0,0,0,0,2,5,1,0,0,1,2,0,2,1,0,2,0,0,0,0,0,0,1,0,0,0,0,0,1,6,1,0,0,1,4,0,3,2,0,2,1,0,1,0,0,0,0,0,0,0,0,0,1,3,0,0,0,0,1,0,1,1,0,1,0,0,0,0,0,0,0,0,0,0,0,0,0,2,0,0,0,0,1,0,1,0,0,1,0,0,0,0,0,0,0,0,0,0,0,0
2012_004249.jpg,0,0,0,0,0,0,0,0,0,0,0,0,0,0,0,0,0,0,0,0,0,0,0,0,0,0,0,0,0,0,1,1,0,4,3,0,0,0,0,0,2,0,4,4,3,2,0,0,0,1,2,1,3,0,2,0,1,4,3,2,0,2,1,0,1,3,3,4,4,3,2,3,3,5,2,0,1,0,0,0,0,0,-31,35,9,24,23,29,-31,-31,-12,18,9,14,19,22,2,-2,-3,4,2,-8,-8,2,-2,2,2,0,-3,5,1,-4,-3,-3,-3,-6,-3,-2,1,0,-8,-7,-15,-4,-9,0,4,3,1,0,2,2,2,3,3,0,0,0,0,-2,1,0,-3,-3,21,22,25,4,16,11,14,21,12,21,15,17,13,16,16,17,13,17,12,15,14,32,13,22,18,16,17,29,17,11,14,16,15,2,5,2,0,0,0,2,0,0,1,0,0,0,0,0,0,0,0,3,1,3,0,0,0,0,1,1,0,0,0,1,0,0,1,0,0,0,0,0,0,0,0,0,0,0,0,0,0,0,1,1,0,0,0,0,0,0,0,0,0,0,0,0,0,0,0,0,0,0,0,0,0,0,2,2,0,0,0,2,0,1,1,0,1,0,0,0,0,0,0,0,0,0,0,0,0,0,0,1,0,0,0,0,0,0,0,0,0,0,0,0,0,0,0,0,0,0,0,0,0,0,1,1,0,0,0,0,0,0,0,0,0,0,0,0,0,0,0,0,0,0,0,0,0
2012_004303.jpg,3,5,3,5,3,2,4,2,3,6,3,4,6,6,5,2,3,6,6,5,0,7,2,0,1,4,5,4,3,4,1,5,6,3,5,1,5,4,3,4,1,4,2,3,3,1,4,3,3,4,3,3,3,3,4,2,3,4,5,3,0,2,3,1,1,1,1,1,1,2,2,2,3,4,4,2,2,2,2,3,0,0,27,37,6,11,20,28,-8,0,-11,17,9,14,19,22,0,5,-3,5,-7,8,-4,2,-2,2,2,0,-3,5,1,-4,-3,-3,-2,-5,-3,-3,1,-1,-5,1,0,-1,-6,-1,4,3,1,0,2,2,2,3,3,0,0,0,0,-2,1,0,-3,-3,38,12,11,16,20,17,15,14,13,18,19,16,13,14,15,17,18,17,16,13,15,28,15,13,15,17,16,34,18,16,13,17,12,2,4,0,0,0,0,1,0,0,0,0,0,0,0,0,0,0,0,0,0,0,0,0,0,1,3,0,0,0,0,1,0,0,0,0,0,1,0,1,0,0,0,0,0,0,0,0,0,4,7,2,1,2,1,3,0,2,1,0,1,2,1,3,0,0,1,1,0,1,0,0,0,1,4,0,0,1,0,2,0,0,1,0,0,0,0,0,0,0,0,0,0,1,0,0,0,1,2,0,0,1,0,1,0,0,0,0,0,0,0,0,0,0,0,0,0,0,0,0,0,1,2,0,0,0,0,0,0,0,0,0,0,1,0,1,0,0,0,0,0,0,0,0,0
2012_004317.jpg,3,3,4,7,6,4,3,3,7,5,6,2,4,6,5,3,3,5,5,5,2,3,5,7,5,4,3,4,4,5,4,4,3,5,5,2,5,4,7,4,3,2,5,5,7,3,2,7,6,6,6,1,2,5,6,3,3,6,6,5,3,3,5,5,6,4,1,5,6,5,5,1,4,4,6,2,1,4,7,7,0,0,60,48,9,14,27,20,-17,13,-20,-3,9,14,19,22,-7,1,3,3,-9,5,2,0,-2,2,2,0,-3,5,1,-4,-3,-2,0,1,-3,-3,-7,-7,-9,-1,1,3,-7,-8,0,1,1,0,2,2,2,3,3,0,0,0,0,-2,1,0,-3,-3,26,16,23,22,14,15,17,16,15,17,13,17,15,11,18,14,18,15,14,16,14,27,18,21,15,14,17,36,15,13,17,16,16,0,1,0,0,0,0,0,0,0,0,0,0,0,0,0,0,0,0,0,0,0,0,0,0,0,4,1,1,0,1,1,0,2,0,1,0,0,0,0,0,0,0,1,0,1,0,0,0,1,7,1,1,0,1,2,0,3,0,1,1,0,0,0,0,0,0,2,1,3,0,0,0,1,5,2,1,0,1,2,0,3,1,2,1,0,0,0,0,0,0,1,0,2,0,0,0,0,3,0,0,0,0,1,0,1,0,0,0,0,0,0,0,0,0,0,0,1,0,0,0,0,4,0,1,0,1,1,0,1,0,0,0,0,0,0,0,0,0,1,0,1,0,0,0
2012_004302.jpg,0,1,0,0,0,3,5,2,3,2,1,2,3,4,2,2,3,0,0,0,3,0,6,0,1,5,3,5,5,3,2,2,2,7,5,1,1,2,4,2,2,0,3,6,3,5,2,3,4,2,4,1,1,3,3,1,0,0,3,5,2,0,1,1,1,3,0,0,0,2,2,0,0,0,0,4,0,1,0,2,0,0,79,29,0,3,-14,20,-10,2,-31,-5,9,14,19,22,-4,8,3,2,-5,5,4,3,-2,2,2,0,-3,5,1,-4,-3,-3,-2,-8,-3,-3,-8,-7,-3,1,1,3,-1,-4,1,-1,1,0,2,2,2,3,3,0,0,0,0,-2,1,0,-3,-3,10,19,13,6,15,11,13,18,13,16,19,18,16,15,10,15,16,18,17,16,16,32,15,15,17,15,17,31,16,17,14,16,15,0,4,4,0,0,0,0,0,0,0,0,0,0,0,1,0,0,2,0,0,2,0,0,0,0,2,2,0,0,0,0,0,0,0,0,0,0,0,0,0,0,0,0,0,0,0,0,0,0,5,4,1,0,1,2,0,1,0,0,0,0,0,0,0,0,0,0,0,1,0,0,0,0,4,3,0,0,0,1,0,1,0,0,0,0,0,0,0,0,1,0,0,1,0,0,0,0,2,1,0,0,0,1,0,0,0,0,0,0,0,0,0,0,0,0,0,0,0,0,0,0,2,1,0,0,0,1,0,0,0,0,0,0,0,0,0,0,0,0,0,0,0,0,0
2012_004289.jpg,3,3,2,4,4,2,5,4,2,5,1,5,4,6,4,1,5,3,3,3,3,4,4,4,3,1,5,1,3,3,3,3,2,1,3,2,3,1,2,3,3,3,2,0,3,2,3,0,1,2,0,4,0,0,2,0,4,0,0,0,0,1,1,0,3,1,4,0,2,3,0,5,2,1,3,0,2,1,0,2,0,0,38,34,0,-1,10,19,-18,-8,-27,4,9,14,19,22,0,3,-1,2,1,6,1,0,-2,2,2,0,-3,5,1,-4,-3,-3,-3,-9,-3,-3,-6,-5,-2,-4,0,1,-5,-5,2,3,1,0,2,2,2,3,3,0,0,0,0,-2,1,0,-3,-3,27,13,7,8,14,15,16,16,16,16,18,14,16,15,18,17,15,16,16,16,20,27,16,20,19,16,16,32,16,13,12,16,15,0,4,1,0,0,0,2,0,1,2,0,1,0,0,0,0,0,0,0,0,1,0,0,0,0,3,1,0,0,0,1,0,1,1,0,1,0,0,0,0,0,0,0,0,1,0,0,0,0,7,2,0,0,0,2,0,1,3,0,2,0,0,0,1,0,1,1,0,4,0,0,0,0,4,3,0,0,0,1,0,2,1,0,1,0,0,0,0,0,1,0,0,2,0,0,0,0,2,1,0,0,0,0,0,0,0,0,0,0,0,0,0,0,0,0,0,1,0,0,0,0,2,1,0,0,0,0,0,0,0,0,0,0,0,0,0,0,0,0,0,1,0,0,0
2012_004262.jpg,1,0,2,0,0,0,1,0,0,0,0,0,0,0,0,3,0,1,0,0,3,0,3,4,0,1,2,1,0,1,0,2,0,0,0,5,2,0,1,0,3,2,2,2,1,3,1,2,3,3,2,1,0,3,3,4,1,1,1,0,0,6,1,1,1,2,3,1,2,1,3,4,1,1,1,0,3,0,2,2,0,0,15,54,-4,14,22,29,-6,13,11,22,9,14,19,22,-7,1,0,2,-1,5,0,0,-2,2,2,0,-3,5,1,-4,-3,0,0,1,0,0,1,2,1,1,1,3,1,2,4,5,1,0,2,2,2,3,3,0,0,0,0,-2,1,0,-3,-3,33,16,29,14,15,13,16,6,15,13,18,16,13,16,7,15,11,14,18,15,14,32,16,16,16,16,16,32,16,16,16,16,16,6,6,3,0,0,0,0,0,0,0,0,0,0,0,0,0,0,0,0,0,0,0,0,0,0,1,1,0,0,0,0,0,0,0,0,0,0,0,0,0,0,0,0,0,0,0,0,0,4,7,3,0,0,0,0,0,0,0,0,0,0,0,0,0,0,0,0,0,0,0,0,0,1,6,1,0,0,0,0,0,0,0,0,0,0,0,0,0,0,0,0,0,0,0,0,0,0,1,0,0,0,0,0,0,0,0,0,0,0,0,0,0,0,0,0,0,0,0,0,0,0,1,0,0,0,0,0,0,0,0,0,0,0,0,0,0,0,0,0,0,0,0,0,0
2012_004276.jpg,0,0,0,0,0,0,0,0,0,0,0,0,0,0,0,0,0,0,0,0,0,4,0,2,0,2,4,2,3,3,3,3,0,1,1,0,6,1,1,1,1,0,0,0,0,5,1,0,1,2,3,1,0,4,3,0,0,0,0,0,0,0,0,0,0,0,0,0,0,0,0,0,0,0,0,0,0,0,0,0,0,0,12,35,-1,5,16,28,-5,-12,-9,21,9,14,19,22,0,8,-3,3,-2,9,-5,0,-2,2,2,0,-3,5,1,-4,-3,-3,-3,-11,-3,-2,1,1,0,1,-1,-3,-5,1,4,5,1,0,2,2,2,3,3,0,0,0,0,-2,1,0,-3,-3,28,13,13,21,13,14,16,14,16,19,14,16,13,16,14,15,15,15,17,15,13,35,15,15,16,15,16,28,16,15,15,16,15,0,7,1,0,0,0,0,0,0,0,0,0,0,0,0,0,0,0,3,0,2,0,0,0,0,1,1,0,0,0,0,0,0,0,0,0,0,0,0,0,0,0,0,0,0,0,0,0,0,5,3,0,0,0,0,0,0,0,0,0,0,0,0,0,0,1,0,0,2,0,0,0,0,5,2,0,0,0,0,0,0,0,0,0,0,0,0,0,0,1,0,0,1,0,0,0,0,1,0,0,0,0,0,0,0,0,0,0,0,0,0,0,0,0,0,0,0,0,0,0,0,1,0,0,0,0,0,0,0,0,0,0,0,0,0,0,0,0,0,0,0,0,0,0
2012_004272.jpg,1,2,1,2,1,1,1,0,1,1,0,1,0,1,1,0,2,1,0,1,3,5,6,6,3,2,5,5,5,4,4,5,2,5,5,4,3,5,5,4,0,6,0,1,3,3,5,3,0,2,3,2,3,5,1,3,3,2,1,4,0,0,1,1,1,0,0,0,1,1,0,0,0,0,1,0,0,1,1,1,0,0,2,50,3,8,14,25,-23,5,3,18,9,14,19,22,1,0,0,4,-1,4,0,0,-2,2,2,0,-3,5,1,-4,-3,-3,-3,-2,-3,-3,0,-1,-5,-5,0,3,1,2,4,5,1,0,2,2,2,3,3,0,0,0,0,-2,1,0,-3,-3,40,14,17,25,15,16,15,16,18,21,15,16,14,16,15,17,16,16,14,14,16,19,14,24,19,15,15,40,15,7,12,16,15,3,2,0,0,0,0,4,2,0,0,0,1,0,0,0,2,0,0,1,0,0,0,0,0,0,1,0,0,0,0,2,1,1,0,0,0,0,0,0,0,0,0,0,0,0,0,0,0,1,3,1,0,0,0,6,3,5,1,1,3,0,0,0,0,0,0,0,0,0,0,0,0,1,1,1,0,0,0,3,1,3,0,0,1,0,0,0,0,0,0,0,0,0,0,0,0,0,0,0,0,0,0,1,0,1,0,0,0,0,0,0,0,0,0,0,0,0,0,0,0,0,0,0,0,0,0,1,0,1,0,0,0,0,0,0,0,0,0,0,0,0,0,0,0
2012_004299.jpg,4,4,2,3,2,2,5,2,2,5,2,5,3,2,2,4,3,1,0,2,5,1,2,3,3,2,2,3,6,6,0,1,1,6,3,4,2,2,1,1,4,2,2,1,2,2,4,4,3,2,2,2,4,5,4,5,0,2,1,2,3,5,0,0,1,0,6,0,0,1,0,5,0,0,2,5,2,2,2,1,0,0,10,44,-11,-2,10,23,-17,-3,-5,16,9,14,19,22,3,3,-3,4,-1,5,-2,0,-2,2,2,0,-3,5,1,-4,-3,-3,-3,-8,-3,-3,-1,-2,0,0,1,3,-1,2,4,5,1,0,2,2,2,3,3,0,0,0,0,-2,1,0,-3,-3,49,10,9,17,11,26,19,20,18,16,14,18,12,18,18,17,15,13,15,16,14,27,17,15,16,16,16,33,15,16,15,15,16,4,4,1,0,0,0,1,0,0,1,0,0,0,0,0,0,0,0,0,0,0,0,0,0,1,2,1,0,0,0,1,0,1,0,0,0,0,0,0,0,0,0,0,0,0,0,0,0,4,7,2,0,0,0,3,0,2,3,0,2,0,0,1,0,0,1,0,0,0,0,0,0,0,3,1,0,0,0,0,0,0,0,0,0,0,0,0,0,0,0,0,0,0,0,0,0,0,1,0,0,0,0,0,0,0,0,0,0,0,0,0,0,0,0,0,0,0,0,0,0,0,2,1,0,0,0,0,0,0,0,0,0,0,0,0,0,0,0,0,0,0,0,0,0
2012_004306.jpg,0,0,0,0,0,0,0,2,0,1,3,2,4,4,4,1,1,5,3,4,2,2,1,0,4,3,3,5,2,3,5,3,5,2,6,4,3,5,5,5,5,1,1,3,2,2,2,1,3,0,4,4,2,3,3,5,3,2,2,3,4,3,2,2,1,0,4,0,0,0,0,4,1,0,0,1,3,1,0,0,0,0,14,55,9,9,21,29,-31,2,-6,4,9,14,19,22,0,1,1,3,0,2,0,1,-2,2,2,0,-3,5,1,-4,-3,-3,-3,-3,-3,-3,-3,-3,-8,-7,-2,3,-3,-2,0,0,1,0,2,2,2,3,3,0,0,0,0,-2,1,0,-3,-3,24,18,21,20,18,11,13,18,15,20,12,13,16,15,14,18,14,17,14,16,16,27,16,16,16,15,16,37,14,16,15,16,14,0,6,1,1,0,0,1,0,1,0,0,0,0,0,0,0,0,0,0,0,0,0,0,0,0,2,0,0,0,1,1,0,2,0,0,0,0,0,0,0,0,0,0,0,0,0,0,0,0,5,1,0,0,0,2,0,2,0,0,0,0,0,0,0,0,0,0,0,1,0,0,0,0,6,3,1,0,2,3,1,6,0,0,2,0,0,0,0,0,0,0,0,1,0,0,0,0,2,0,0,0,0,1,0,1,0,0,0,0,0,0,0,0,0,0,0,0,0,0,0,0,1,0,0,0,0,0,0,1,0,0,0,0,0,0,0,0,0,0,0,0,0,0,0
2012_004312.jpg,3,1,4,6,6,3,2,4,4,7,6,2,3,2,3,2,1,3,6,5,3,4,6,5,5,4,4,5,3,5,2,5,3,4,6,0,5,1,1,3,1,3,5,6,6,4,0,5,4,6,4,3,6,4,6,2,4,2,6,5,3,4,3,4,4,2,6,4,3,4,1,6,4,4,5,3,2,7,4,4,0,0,-11,57,3,16,13,17,-31,-33,-18,-10,9,14,19,22,-5,-1,3,6,-1,-3,-2,2,-2,2,2,0,-3,5,1,-4,-3,-3,-3,-9,-3,-3,-8,-11,-11,-7,-15,-5,-5,-2,0,-1,1,0,2,2,2,3,3,0,0,0,0,-2,1,0,-3,-3,15,13,7,15,20,20,21,8,11,18,12,18,14,14,22,16,15,13,21,15,16,23,15,16,16,16,12,33,14,15,17,14,13,0,0,2,0,0,0,0,0,1,0,0,0,0,0,1,0,0,0,0,0,0,0,0,0,1,2,2,0,0,0,0,0,1,1,0,1,0,0,2,0,0,0,0,0,0,0,0,0,1,4,4,0,0,1,1,0,3,2,1,2,1,0,3,0,0,0,0,0,0,0,0,0,1,5,4,1,0,1,1,1,4,2,0,2,1,0,2,0,0,0,0,0,1,0,0,1,0,1,1,0,0,0,0,0,1,0,0,1,0,0,1,0,0,0,0,0,0,0,0,0,1,2,2,0,0,0,0,0,1,1,0,1,0,0,1,0,0,0,0,0,0,0,0,0
2012_004298.jpg,1,3,1,4,1,2,2,2,4,7,2,1,2,5,5,1,1,1,3,6,2,3,4,3,4,3,2,2,6,5,2,1,3,6,6,2,2,1,7,5,4,1,4,6,6,3,3,2,7,4,3,1,2,7,6,0,0,3,7,6,2,2,4,6,2,3,1,6,4,3,2,1,1,7,4,1,1,2,2,6,0,0,36,43,8,12,15,29,6,11,0,22,9,14,19,22,0,3,-3,2,-1,5,-2,0,-2,2,2,0,-3,5,1,-4,0,0,0,-1,-3,-3,1,2,1,1,1,3,-1,2,4,5,1,0,2,2,2,3,3,0,0,0,0,-2,1,0,-3,-3,27,15,14,14,6,16,15,17,14,17,16,15,12,20,15,16,13,16,17,15,14,27,8,23,17,18,17,35,20,9,14,15,15,0,1,0,0,0,1,2,1,1,1,0,0,0,0,0,0,0,0,2,0,2,0,0,0,1,2,0,0,0,0,2,1,1,1,0,0,0,0,0,0,0,0,1,0,1,0,0,0,0,2,0,0,0,0,2,0,1,1,0,0,0,0,0,0,0,0,1,0,1,0,0,0,1,5,0,0,0,0,3,1,2,4,0,1,0,0,0,0,0,0,1,0,3,0,0,0,0,1,0,0,0,0,1,0,0,1,0,0,0,0,0,0,0,0,0,0,0,0,0,0,0,2,0,0,0,0,2,1,1,1,0,0,0,0,0,0,0,0,1,0,1,0,0,0
2012_004267.jpg,2,1,4,1,3,1,1,3,5,4,2,3,2,4,5,2,3,2,4,5,1,0,3,0,2,1,0,3,5,4,2,3,6,4,6,3,4,4,3,7,2,1,2,1,3,1,2,3,6,6,4,3,6,6,4,4,2,7,5,5,1,0,0,3,2,0,2,1,3,3,3,1,7,4,6,1,1,7,7,7,0,0,-5,72,1,13,11,18,-31,-32,-14,-21,9,14,19,22,-3,2,2,7,-5,5,-3,8,-2,2,2,0,-3,5,1,-4,-3,-3,-3,-11,-3,-3,-10,-14,-13,-7,-10,-8,-4,0,0,-7,1,0,2,2,2,3,3,0,0,0,0,-2,1,0,-3,-3,11,7,6,10,20,14,13,15,18,19,15,15,16,14,12,15,15,18,16,15,15,25,20,17,17,14,15,39,12,14,15,17,14,0,2,4,0,0,1,0,0,1,0,0,0,0,0,0,0,0,0,0,0,0,0,0,0,0,2,2,0,0,1,2,1,3,0,0,0,0,0,0,0,0,0,0,0,0,0,0,0,0,1,2,0,0,1,2,1,3,0,0,0,0,0,0,0,0,0,0,0,0,0,0,0,0,4,4,0,0,2,4,2,5,1,0,0,0,0,0,0,0,0,0,0,0,0,0,0,0,1,1,0,0,1,2,1,2,0,0,0,0,0,0,0,0,0,0,0,0,0,0,0,0,1,1,0,0,0,1,1,2,0,0,0,0,0,0,0,0,0,0,0,0,0,0,0
2012_004273.jpg,6,2,3,3,4,4,5,0,3,2,0,6,4,0,2,2,6,3,0,1,6,0,4,3,4,4,3,4,3,2,3,3,6,1,3,3,5,3,1,2,6,3,3,3,3,3,4,5,6,5,3,3,6,6,5,5,2,6,5,3,5,3,4,2,2,4,4,4,4,3,5,4,4,4,4,6,2,3,5,3,0,0,-1,48,-13,11,7,18,-31,-14,-18,-1,9,14,19,22,-7,4,2,9,-1,1,-1,6,-2,2,2,0,-3,5,1,-4,-3,-3,-3,-8,-3,-3,-4,-10,-7,-7,-7,-1,-3,-1,4,-1,1,0,2,2,2,3,3,0,0,0,0,-2,1,0,-3,-3,17,13,9,16,10,22,15,17,22,18,22,15,15,17,16,18,19,13,13,10,20,32,14,17,16,15,16,33,17,15,13,16,14,1,2,3,0,0,1,0,0,1,0,0,0,0,0,0,0,0,0,0,0,0,0,0,0,0,2,2,0,0,1,0,0,1,0,0,0,0,0,0,0,0,0,0,0,0,0,0,0,3,7,6,1,0,3,1,0,3,0,0,0,0,0,0,0,0,0,3,0,2,2,0,0,2,5,3,0,0,3,1,0,3,0,0,0,0,0,0,0,0,0,4,0,0,0,0,0,0,2,2,0,0,1,0,0,1,0,0,0,0,0,0,0,0,0,0,0,0,0,0,0,0,2,2,0,0,1,0,0,1,0,0,0,0,0,0,0,0,0,0,0,0,0,0,0
2012_004310.jpg,4,5,1,4,4,3,2,4,5,4,3,2,4,5,5,2,1,6,0,3,5,2,4,6,4,5,2,6,5,4,3,6,4,5,4,4,2,3,5,3,3,3,1,3,5,1,4,4,7,5,4,2,5,3,3,2,1,1,7,4,0,6,2,7,2,1,4,4,7,2,5,2,4,2,3,2,2,2,5,2,0,0,26,42,8,17,31,32,-30,-14,-26,-3,9,14,19,22,-2,3,0,3,-11,10,-1,6,-2,2,2,0,-3,5,1,-4,-3,-3,-3,-6,-3,-3,-4,-4,-13,-3,-4,-7,-11,-9,0,-5,1,0,2,2,2,3,3,0,0,0,0,-2,1,0,-3,-3,19,26,26,11,16,8,19,8,16,14,19,13,16,19,16,15,16,14,14,14,16,21,11,14,16,17,17,43,12,10,15,17,13,1,1,2,0,1,1,1,0,1,0,0,0,1,0,0,0,0,0,0,0,0,0,0,0,1,1,1,0,0,1,2,1,1,1,0,0,1,0,0,0,0,0,0,0,0,0,0,0,3,6,2,0,1,2,5,3,5,3,1,1,3,0,0,0,0,0,0,0,0,0,0,0,2,3,1,0,1,1,2,1,2,1,0,0,2,0,0,0,0,0,0,0,0,0,0,0,0,1,1,0,0,0,1,1,1,0,0,0,0,0,0,0,0,0,0,0,0,0,0,0,0,1,1,0,1,1,2,1,2,1,0,0,0,0,0,0,0,0,0,0,0,0,0,0
2012_004270.jpg,3,2,4,6,5,1,3,5,0,2,0,2,0,2,2,6,0,4,4,4,4,3,4,3,4,2,5,4,5,3,2,2,5,3,5,6,1,3,2,5,5,1,3,2,3,3,5,6,3,5,5,0,6,3,5,5,2,1,3,4,2,3,5,4,4,6,0,3,0,2,3,1,3,2,1,0,0,3,0,0,0,0,29,61,1,14,21,21,-1,13,10,14,9,14,19,22,-5,1,1,6,-1,5,0,0,-2,2,2,0,-3,5,1,-4,-3,-1,0,1,0,-1,-1,-4,1,1,1,3,1,2,4,5,1,0,2,2,2,3,3,0,0,0,0,-2,1,0,-3,-3,40,14,7,14,12,17,17,18,15,19,19,16,16,15,14,19,15,15,17,15,20,32,16,15,15,15,16,32,16,16,16,16,15,3,5,0,0,0,0,0,0,0,0,0,0,0,0,0,0,0,0,0,0,0,0,0,0,1,5,0,0,0,0,0,0,0,0,0,0,0,0,0,0,0,0,0,0,0,0,0,0,3,7,0,0,0,0,0,0,0,0,0,0,0,0,0,0,0,0,0,0,0,0,0,0,2,7,0,0,0,0,0,0,0,0,0,0,0,0,0,0,0,0,0,0,0,0,0,0,1,5,0,0,0,0,0,0,0,0,0,0,0,0,0,0,0,0,0,0,0,0,0,0,1,4,0,0,0,0,0,0,0,0,0,0,0,0,0,0,0,0,0,0,0,0,0,0
2012_004258.jpg,3,3,3,2,1,4,1,4,2,2,0,1,1,0,0,0,0,0,0,0,3,4,3,2,1,5,5,1,1,3,2,5,2,4,1,0,6,5,1,1,1,3,6,6,4,3,4,4,5,4,1,3,7,2,2,2,7,2,5,1,0,5,0,6,4,2,1,4,7,4,0,2,2,3,5,2,4,1,2,3,0,0,3,50,-23,-1,4,19,-31,-2,-7,8,9,14,19,22,-7,4,3,8,-6,5,0,2,-2,2,2,0,-3,5,1,-4,-3,-3,-3,-8,-3,-3,-2,-7,-4,1,1,3,1,2,4,3,1,0,2,2,2,3,3,0,0,0,0,-2,1,0,-3,-3,21,10,29,23,12,18,17,14,16,18,15,18,16,20,19,18,17,20,18,17,10,28,15,18,15,14,15,34,18,15,15,17,15,4,3,3,0,0,0,0,0,1,0,0,0,0,0,1,0,0,0,0,0,0,0,0,0,0,1,1,0,0,0,0,0,1,0,0,0,0,0,0,0,0,0,0,0,0,0,0,0,0,6,2,0,1,1,1,0,3,1,0,2,0,0,1,0,0,0,0,0,0,0,0,0,1,5,3,0,1,1,1,0,3,0,0,1,0,0,0,0,0,0,0,0,0,0,0,0,0,2,1,0,0,0,0,0,1,0,0,0,0,0,0,0,0,0,0,0,0,0,0,0,0,2,1,0,0,0,0,0,1,0,0,0,0,0,0,0,0,0,0,0,0,0,0,0
2012_004229.jpg,5,1,4,6,5,4,2,2,6,5,6,1,3,7,5,6,1,3,4,3,5,2,5,4,7,6,1,5,4,5,3,4,3,4,6,5,1,3,3,4,5,0,5,4,5,2,2,1,3,5,4,1,5,6,5,6,1,2,5,4,4,0,1,3,2,5,1,2,5,3,4,2,5,5,6,5,1,4,4,4,0,0,39,60,-9,9,12,5,-25,6,-11,-6,9,14,19,22,-6,3,2,6,-4,6,0,2,-2,2,2,0,-3,5,1,-4,-3,-3,-2,-3,-3,-3,-10,-13,-4,-1,1,2,-2,-1,4,3,1,0,2,2,2,3,3,0,0,0,0,-2,1,0,-3,-3,29,26,8,19,9,7,15,20,17,20,17,15,20,18,14,14,15,17,12,15,17,29,15,11,16,14,15,32,14,17,14,16,15,2,1,1,0,0,0,0,0,0,0,0,0,0,0,0,0,0,0,0,0,0,0,0,0,2,3,1,0,0,0,1,0,1,1,0,1,0,0,0,0,0,0,1,0,0,0,0,0,2,5,1,0,0,0,1,0,1,1,0,1,0,0,0,0,0,1,1,0,0,0,0,0,2,7,4,0,0,1,1,0,3,1,0,2,0,0,1,0,0,1,1,0,0,0,0,0,1,3,1,0,0,0,1,0,1,0,0,0,0,0,0,0,0,0,0,0,0,0,0,0,1,3,1,0,0,0,1,0,0,0,0,1,0,0,0,0,0,0,0,0,0,0,0,0
2012_004239.jpg,2,3,0,7,6,5,2,1,5,5,7,1,2,5,1,4,5,5,4,2,0,2,1,7,7,0,3,0,5,7,2,3,4,5,4,4,3,1,5,5,3,1,2,7,4,0,1,0,7,6,1,3,0,6,6,0,2,2,4,4,4,0,1,7,4,0,0,0,4,4,0,1,0,4,7,0,2,0,5,3,0,0,35,41,0,11,5,21,-16,10,-12,12,9,14,19,22,-7,2,-2,5,-4,5,-1,1,-2,2,2,0,-3,5,1,-4,-3,-3,-1,-1,-3,-3,-2,-4,-4,-1,1,3,-1,1,4,4,1,0,2,2,2,3,3,0,0,0,0,-2,1,0,-3,-3,19,20,22,16,16,15,16,18,14,16,17,15,15,16,15,17,15,16,15,14,17,32,14,18,17,14,16,31,16,13,14,17,16,0,4,1,0,0,0,0,0,1,0,0,0,0,0,0,0,0,0,0,0,1,0,0,0,0,5,0,0,0,0,0,0,1,0,0,0,0,0,0,0,0,0,1,0,1,0,0,0,1,5,0,0,0,0,0,0,1,0,0,0,0,0,0,0,0,0,1,0,1,0,0,0,0,7,2,0,0,0,0,0,1,0,0,0,0,0,0,0,0,0,4,0,5,0,0,0,0,1,0,0,0,0,0,0,0,0,0,0,0,0,0,0,0,0,0,0,0,0,0,0,0,5,0,0,0,0,0,0,1,0,0,0,0,0,0,0,0,0,0,0,0,0,0,0
2012_004238.jpg,2,3,1,1,2,0,0,2,3,1,2,4,2,6,6,3,1,5,2,2,0,3,2,1,2,2,3,6,3,4,3,4,6,4,5,4,2,6,2,3,2,1,1,4,4,4,3,5,3,5,2,1,7,7,3,1,0,6,2,1,1,2,3,5,1,1,0,1,2,3,2,0,4,3,2,0,0,7,0,0,0,0,43,71,0,7,3,1,-31,4,-16,-22,9,14,19,22,-7,3,3,2,-12,6,2,4,-2,2,2,0,-3,5,1,-4,-3,-3,-3,-4,-3,-3,-15,-15,-14,-3,1,2,0,-1,2,-1,1,0,2,2,2,3,3,0,0,0,0,-2,1,0,-3,-3,13,6,7,11,14,21,20,11,23,15,16,16,17,15,16,15,17,17,16,16,15,32,14,13,16,16,18,33,18,17,15,16,13,0,3,4,0,0,1,0,0,1,0,0,0,0,0,0,0,0,0,1,0,0,0,0,1,0,2,2,0,0,1,0,0,1,0,0,0,0,0,0,0,0,0,0,0,0,0,0,0,0,3,3,0,0,1,1,0,2,0,0,0,0,0,0,0,0,0,0,0,0,0,0,0,1,6,4,0,0,2,1,0,2,0,0,0,0,0,0,0,0,0,2,0,1,0,0,0,0,2,2,0,0,1,1,0,1,0,0,0,0,0,0,0,0,0,1,0,0,0,0,0,0,2,1,0,0,0,0,0,1,0,0,0,0,0,0,0,0,0,0,0,0,0,0,0
2012_004231.jpg,5,2,4,4,6,7,0,0,0,0,3,0,0,0,0,0,0,0,0,0,4,4,2,2,2,6,3,5,3,2,3,3,5,6,3,0,3,1,5,2,4,3,6,2,2,4,4,3,5,3,1,4,6,3,1,1,1,5,2,2,1,3,3,0,1,5,2,6,0,3,1,2,2,0,2,0,4,3,1,3,0,0,29,46,-4,6,10,19,-26,3,-15,4,9,14,19,22,-6,0,-3,4,-9,6,-5,4,-2,2,2,0,-3,5,1,-4,-3,-3,-3,-3,-3,-3,-5,-6,-8,0,1,2,-5,1,4,1,1,0,2,2,2,3,3,0,0,0,0,-2,1,0,-3,-3,22,14,27,19,19,16,14,16,14,14,16,16,16,13,17,16,15,15,12,17,14,30,15,10,17,17,18,34,15,19,11,13,12,0,3,1,0,0,0,2,0,2,0,0,0,0,0,0,0,0,0,0,0,1,0,0,0,1,2,1,0,0,1,0,0,1,0,0,0,0,0,0,0,0,0,0,0,0,0,0,0,1,4,1,1,0,1,1,0,2,0,0,0,0,0,1,0,0,0,0,0,2,0,0,0,3,7,3,1,1,2,5,0,3,1,0,1,1,0,1,0,0,0,0,0,1,0,0,0,0,2,1,1,0,1,0,0,1,0,0,0,0,0,0,0,0,0,0,0,0,0,0,0,0,2,0,0,0,0,0,0,1,0,0,0,0,0,0,0,0,0,0,0,0,0,0,0
2012_004232.jpg,0,0,0,0,0,0,0,0,0,0,0,0,0,0,0,0,0,0,0,0,0,0,1,0,1,0,0,0,0,0,0,0,1,1,2,1,1,2,0,2,3,3,2,1,3,0,3,1,0,0,2,1,3,5,6,6,1,3,3,6,2,5,2,3,6,1,5,4,4,6,0,4,6,2,7,2,5,2,3,5,0,0,28,46,14,17,29,32,-8,10,-2,17,9,14,19,22,-2,1,1,3,-1,2,0,4,-2,2,2,0,-3,5,1,-4,-3,-1,0,1,-1,-2,1,1,-4,-4,-2,3,-4,-3,4,1,1,0,2,2,2,3,3,0,0,0,0,-2,1,0,-3,-3,47,21,14,19,16,13,15,16,13,11,16,17,16,16,17,16,15,15,14,15,16,41,16,28,11,14,15,21,15,4,18,16,17,0,0,0,0,0,0,0,0,0,0,0,0,0,0,0,0,0,0,7,3,0,0,0,0,0,1,0,0,0,0,1,0,0,0,0,0,0,0,0,0,0,0,1,0,0,0,0,0,0,3,0,0,0,0,4,0,1,1,0,0,0,0,0,0,0,0,1,0,0,0,0,0,1,3,0,0,0,0,1,0,1,0,0,0,0,0,0,0,0,0,3,0,2,0,0,0,0,0,0,0,0,0,1,0,0,0,0,0,0,0,0,0,0,0,1,0,0,0,0,0,0,1,0,0,0,0,1,0,0,0,0,0,0,0,0,0,0,0,0,0,0,0,0,0
2012_004241.jpg,1,0,1,0,0,0,0,0,0,1,0,0,0,0,1,0,0,0,0,0,2,4,2,1,2,1,4,5,3,4,4,1,1,2,3,3,1,5,0,2,1,4,3,3,5,2,5,3,6,3,1,5,5,3,6,2,5,2,4,3,0,6,3,2,5,0,6,2,2,2,0,5,2,3,2,0,2,1,4,4,0,0,13,39,-7,-6,11,23,-15,-7,-10,16,9,14,19,22,2,3,-2,4,-2,5,1,0,-2,2,2,0,-3,5,1,-4,-3,-3,-3,-10,-3,-3,-1,-2,-1,0,1,3,-1,-1,4,5,1,0,2,2,2,3,3,0,0,0,0,-2,1,0,-3,-3,34,14,28,25,15,16,16,16,15,12,8,17,16,16,15,16,15,15,14,15,17,27,16,24,14,16,16,34,17,10,17,15,15,5,1,1,1,0,1,1,0,1,0,0,0,0,0,1,0,0,0,1,0,0,0,0,0,0,2,1,0,0,1,1,0,1,0,0,1,0,0,1,0,0,0,0,0,0,0,0,0,0,5,1,1,0,1,2,1,3,1,0,2,0,0,1,0,0,0,0,0,0,0,0,0,1,5,2,0,0,1,0,0,1,0,0,0,0,0,1,0,0,0,1,0,0,0,0,0,0,2,0,0,0,0,0,0,1,0,0,0,0,0,0,0,0,0,0,0,0,0,0,0,0,1,0,0,0,0,0,0,0,0,0,0,0,0,1,0,0,0,0,0,0,0,0,0
2012_004309.jpg,4,1,5,3,7,4,2,5,5,7,6,1,4,5,5,5,1,5,4,7,4,3,5,5,6,5,2,6,4,6,3,2,5,6,7,1,5,2,6,6,4,1,4,6,7,3,2,5,6,6,3,1,4,6,7,1,3,4,5,7,3,2,5,6,7,3,1,2,2,2,2,1,3,5,7,2,2,4,6,7,0,0,-21,36,9,21,24,25,-21,-38,-13,16,9,14,19,22,5,-1,-3,3,9,-2,-3,1,-2,2,2,0,-3,5,1,-4,-3,-3,-3,-9,-3,-3,-1,-1,-1,-7,-15,-8,-7,-3,4,4,1,0,2,2,2,3,3,0,0,0,0,-2,1,0,-3,-3,19,12,6,14,14,9,13,19,18,15,16,16,12,21,16,17,13,15,18,16,16,18,18,16,22,14,13,24,15,15,17,15,16,1,0,0,0,0,0,0,0,0,0,0,0,0,0,1,0,0,0,0,0,0,0,0,0,0,1,1,0,0,0,0,0,0,1,0,1,2,2,5,0,0,0,0,0,0,0,0,0,0,0,0,0,0,0,0,0,0,1,1,1,2,2,5,0,0,0,0,0,0,0,0,0,1,3,3,0,0,0,0,0,0,0,0,1,4,3,7,0,0,1,1,0,0,0,0,0,0,0,1,0,0,0,0,0,0,0,0,0,1,1,3,0,0,0,0,0,0,0,0,0,0,0,1,0,0,0,0,0,0,0,0,0,2,1,4,0,0,0,0,0,0,0,0,0
2012_004308.jpg,4,2,6,5,6,5,2,4,5,6,3,2,5,6,6,0,0,0,0,0,3,2,3,7,7,2,2,5,6,7,2,1,6,5,6,0,0,5,0,3,4,2,6,6,6,3,2,6,5,7,1,0,3,4,6,2,3,4,4,7,3,3,4,6,6,2,3,6,6,6,2,3,6,5,5,1,3,3,3,7,0,0,-5,51,6,5,16,22,-31,-2,-7,7,9,14,19,22,7,-1,0,5,5,2,0,4,-2,2,2,0,-3,5,1,-4,-3,-3,-3,-4,-3,-3,-3,-5,-8,-7,-2,3,-2,-1,4,1,1,0,2,2,2,3,3,0,0,0,0,-2,1,0,-3,-3,23,11,7,16,11,21,18,18,17,15,16,13,14,14,15,17,17,14,14,17,15,27,3,22,12,16,21,28,25,11,17,16,12,0,0,0,0,0,0,0,0,0,0,0,0,0,0,0,0,0,0,1,2,0,0,0,0,0,1,1,0,0,0,1,0,1,1,2,3,0,0,0,0,0,0,1,1,0,0,0,0,0,1,1,0,0,0,1,1,1,1,2,4,0,0,0,0,0,0,1,0,0,0,0,0,0,2,2,0,0,0,1,1,1,2,3,6,0,0,0,0,0,0,2,1,1,0,0,0,0,1,1,0,0,0,0,0,1,1,1,3,0,0,0,0,0,0,1,0,0,0,0,0,0,1,1,0,0,0,0,0,1,1,2,3,0,0,0,0,0,0,0,0,0,0,0,0
2012_004283.jpg,0,0,0,4,4,0,0,1,1,3,0,0,1,5,3,0,0,0,1,6,0,0,0,3,4,1,1,4,3,4,2,1,1,1,3,0,0,0,0,3,0,0,0,0,1,3,1,1,3,5,0,0,2,2,3,0,0,0,0,2,0,0,0,0,1,1,1,2,4,2,1,0,0,2,4,0,0,1,1,2,0,0,21,54,8,14,23,28,-6,13,8,19,9,14,19,22,-4,1,-1,4,-7,5,-2,1,-2,2,2,0,-3,5,1,-4,-3,-1,0,1,-1,0,1,0,-5,1,1,3,-1,2,4,4,1,0,2,2,2,3,3,0,0,0,0,-2,1,0,-3,-3,32,16,18,15,15,19,14,18,14,16,15,15,15,15,12,16,15,18,13,15,15,30,16,15,16,16,17,32,16,16,15,16,14,1,7,0,0,0,0,0,0,1,0,0,0,0,0,0,0,0,0,0,0,0,0,0,0,1,3,0,0,0,0,0,0,1,0,0,0,0,0,0,0,0,0,0,0,0,0,0,0,0,2,0,0,0,0,0,0,1,0,0,0,0,0,0,0,0,0,0,0,0,0,0,0,1,3,0,0,0,0,1,1,3,0,0,0,0,0,0,0,0,0,0,0,1,0,0,0,0,1,0,0,0,0,0,0,1,0,0,0,0,0,0,0,0,0,0,0,0,0,0,0,1,2,0,0,0,0,0,0,1,0,0,0,0,0,0,0,0,0,0,0,0,0,0,0
2012_004268.jpg,7,3,2,4,2,4,5,2,5,5,4,3,2,4,3,6,0,3,3,3,6,1,5,4,3,6,3,5,3,4,6,3,5,3,4,6,1,1,3,4,2,5,4,4,5,4,2,6,4,5,4,0,3,1,4,4,1,3,6,4,3,1,2,2,3,5,3,5,4,4,4,4,4,4,5,2,3,3,4,6,0,0,8,51,-22,-6,-1,17,-31,-9,-14,0,9,14,19,22,1,6,-2,5,0,4,-1,5,-2,2,2,0,-3,5,1,-4,-3,-3,-3,-12,-3,-3,-6,-8,-2,-3,0,3,0,2,4,0,1,0,2,2,2,3,3,0,0,0,0,-2,1,0,-3,-3,19,24,25,20,22,11,17,12,15,8,12,16,11,15,20,17,15,14,18,17,15,27,16,13,14,16,16,35,15,17,14,16,15,1,2,3,0,0,0,1,0,0,0,0,0,0,0,0,0,0,1,0,0,0,0,0,0,1,2,1,0,0,0,1,0,1,0,0,0,0,0,0,0,0,0,0,0,0,0,0,0,4,6,3,1,0,1,3,0,3,1,0,1,0,0,0,0,0,1,0,0,1,0,0,0,3,6,3,1,0,1,3,0,2,0,0,1,0,0,0,0,0,1,0,0,1,0,0,0,1,2,1,0,0,0,1,0,1,0,0,0,0,0,0,0,0,0,0,0,0,0,0,0,1,2,1,0,0,0,1,0,1,0,0,0,0,0,0,0,0,0,0,0,0,0,0,0
2012_004254.jpg,0,0,0,0,0,1,2,3,2,1,1,1,1,3,1,0,0,0,0,0,1,0,1,0,1,1,3,2,5,3,4,1,2,2,2,0,1,1,0,1,3,2,2,7,3,1,3,3,5,7,2,1,6,0,5,0,2,4,0,1,4,3,1,4,3,2,1,4,1,5,4,2,1,1,1,4,2,2,3,2,0,0,48,101,22,14,22,58,-20,13,11,-25,9,14,19,22,-6,1,0,5,-15,5,0,28,-2,2,2,0,-3,5,1,-4,-3,0,0,1,0,0,-2,-4,-15,1,1,3,1,2,-1,-15,1,0,2,2,2,3,3,0,0,0,0,-2,1,0,-3,-3,6,19,12,9,14,10,13,13,15,17,16,16,18,15,18,16,17,16,16,14,14,23,14,17,19,16,18,48,20,10,11,12,11,0,0,6,0,1,3,0,1,2,0,0,0,0,0,0,0,0,0,0,0,0,0,0,0,0,0,1,0,1,1,1,1,1,0,0,0,0,0,0,0,0,0,0,0,0,0,0,0,0,0,3,0,3,4,2,4,5,0,0,0,0,0,0,0,0,0,0,0,0,0,0,0,0,0,1,0,1,3,0,1,2,0,0,0,0,0,0,0,0,0,0,0,0,0,0,0,0,0,1,0,0,1,0,1,1,0,0,0,0,0,0,0,0,0,0,0,0,0,0,0,0,0,0,0,0,1,0,1,1,0,0,0,0,0,0,0,0,0,0,0,0,0,0,0
2012_004256.jpg,4,1,1,1,1,5,0,0,0,0,0,1,1,0,1,2,0,0,0,0,2,5,2,3,1,4,3,4,2,3,5,1,5,5,4,3,0,0,0,0,3,3,2,2,2,5,3,3,6,4,4,0,5,6,5,5,0,1,0,0,0,4,6,3,2,1,5,7,3,4,3,4,0,2,2,3,0,0,1,0,0,0,4,65,17,5,7,23,-31,0,-4,-4,9,14,19,22,-5,2,1,6,-15,3,0,8,-2,2,2,0,-3,5,1,-4,-3,-3,-3,-5,-3,-3,-5,-8,-15,-4,-1,3,1,2,3,-4,1,0,2,2,2,3,3,0,0,0,0,-2,1,0,-3,-3,18,2,20,14,11,13,21,11,16,16,16,15,15,19,13,20,18,15,15,16,14,21,16,16,16,17,16,44,17,14,14,14,14,2,2,3,0,0,1,4,0,2,0,0,0,0,0,0,0,0,0,0,0,0,0,0,0,0,0,1,0,0,1,1,0,1,0,0,0,0,0,0,0,0,0,0,0,0,0,0,0,0,1,2,0,0,1,1,0,3,0,0,0,0,0,0,0,0,0,0,0,0,0,0,0,1,3,3,1,0,1,6,3,6,0,0,0,0,0,0,0,0,0,0,0,0,0,0,0,0,0,0,0,0,0,1,0,1,0,0,0,0,0,0,0,0,0,0,0,0,0,0,0,0,0,0,0,0,0,2,1,1,0,0,0,0,0,0,0,0,0,0,0,0,0,0,0
2012_004295.jpg,4,2,4,6,5,3,2,5,5,5,2,1,5,4,5,3,1,4,6,6,3,3,5,6,6,2,3,6,6,5,2,3,4,4,7,2,2,5,3,7,1,4,2,0,3,1,6,4,1,4,2,3,2,3,4,0,3,4,2,2,0,4,1,1,1,0,4,0,1,2,1,5,2,2,3,0,2,3,6,5,0,0,48,53,1,11,15,21,-7,10,-8,4,9,14,19,22,-6,2,3,5,-4,5,2,3,-2,2,2,0,-3,5,1,-4,-3,-2,-1,-1,-3,-3,-4,-6,-2,1,1,3,-1,-2,3,1,1,0,2,2,2,3,3,0,0,0,0,-2,1,0,-3,-3,30,12,14,19,10,13,15,16,13,21,16,16,14,15,14,16,16,16,15,16,16,27,17,15,16,15,16,35,14,17,14,17,15,0,3,0,0,0,0,1,0,1,0,0,0,0,0,0,0,0,0,0,0,0,0,0,0,1,3,0,0,0,0,2,1,2,0,0,0,0,0,0,0,0,0,1,0,0,0,0,0,0,6,0,0,0,0,3,1,3,2,1,0,0,0,0,0,0,0,1,0,1,0,0,0,1,5,1,0,0,0,4,0,4,0,0,0,0,0,0,1,0,0,2,0,1,0,0,0,0,2,0,0,0,0,2,0,2,0,0,0,0,0,0,0,0,0,0,0,0,0,0,0,0,2,0,0,0,0,2,0,2,0,0,0,0,0,0,0,0,0,1,0,0,0,0,0
2012_004281.jpg,0,0,0,0,0,0,0,0,0,0,0,0,0,3,1,2,1,3,7,6,0,0,3,0,0,1,2,2,1,3,2,1,1,3,0,0,1,2,5,3,0,0,1,0,2,1,3,4,2,6,2,2,5,6,5,3,0,5,4,4,1,1,0,2,2,1,2,4,6,6,2,3,5,2,3,3,2,1,7,4,0,0,31,47,0,9,10,24,-14,8,-7,11,9,14,19,22,-4,2,1,6,-7,5,-3,3,-2,2,2,0,-3,5,1,-4,-3,-3,-2,-2,-3,-3,-1,-4,-5,1,1,3,-2,2,4,2,1,0,2,2,2,3,3,0,0,0,0,-2,1,0,-3,-3,44,23,14,18,21,16,19,16,20,18,12,17,11,16,13,17,14,17,16,17,17,26,13,16,17,19,17,36,17,15,15,14,15,3,4,0,0,0,0,5,0,1,1,0,0,0,0,0,0,0,0,0,0,0,0,0,0,1,2,0,0,0,0,1,0,1,0,0,0,0,0,0,0,0,0,1,0,0,0,0,0,1,2,0,0,0,0,1,0,1,0,0,0,0,0,0,0,0,0,0,0,0,0,0,0,1,4,0,0,0,0,2,0,2,0,0,0,0,0,0,0,0,0,1,0,1,1,0,0,1,2,0,0,0,0,1,0,0,0,0,0,0,0,0,0,0,0,0,0,0,0,0,0,1,1,0,0,0,0,1,0,1,0,0,0,0,0,0,0,0,0,0,0,0,0,0,0
2012_004257.jpg,2,1,4,5,3,0,2,0,1,0,0,2,0,0,0,0,2,1,0,0,2,3,5,4,6,3,5,5,5,4,1,5,6,5,3,2,6,2,1,5,2,2,2,3,1,0,1,1,0,1,2,3,2,4,3,0,5,0,0,1,0,2,1,0,1,0,5,0,0,2,0,5,0,0,2,0,1,0,0,1,0,0,36,49,0,8,10,24,-22,7,-13,3,9,14,19,22,0,1,3,4,3,5,2,5,-2,2,2,0,-3,5,1,-4,-3,-3,-3,-2,-3,-3,-4,-5,-2,-6,1,3,-1,-2,3,-1,1,0,2,2,2,3,3,0,0,0,0,-2,1,0,-3,-3,37,14,24,27,11,13,14,15,12,21,16,18,14,15,15,18,17,17,16,19,14,32,15,17,18,15,16,30,15,14,14,16,15,4,5,0,0,0,0,0,0,0,0,0,0,0,0,0,0,0,0,2,0,0,0,0,0,0,2,1,0,0,0,0,0,1,0,0,1,0,0,0,0,0,0,0,0,0,0,0,0,1,6,2,0,0,2,0,0,1,1,0,2,0,0,0,0,0,0,1,0,1,0,0,0,0,5,1,0,0,0,0,0,1,0,0,2,0,0,0,0,0,0,1,0,1,0,0,0,0,2,0,0,0,0,0,0,0,0,0,1,0,0,0,0,0,0,0,0,0,0,0,0,0,2,0,0,0,0,0,0,0,0,0,1,0,0,0,0,0,0,0,0,0,0,0,0
2012_004247.jpg,6,2,1,3,2,6,3,1,1,1,6,2,1,1,2,5,2,1,2,2,3,5,2,3,3,5,3,2,3,3,2,5,4,3,3,4,5,2,3,3,6,1,5,6,4,4,2,7,6,5,6,1,5,5,5,4,2,6,5,5,3,4,2,5,6,1,4,2,3,4,2,4,2,6,6,3,3,3,7,3,0,0,32,44,-3,8,13,20,-31,-5,-24,-3,9,14,19,22,-2,3,0,3,-6,5,-3,4,-2,2,2,0,-3,5,1,-4,-3,-3,-3,-6,-3,-3,-7,-7,-8,-3,-2,0,-7,-3,2,-1,1,0,2,2,2,3,3,0,0,0,0,-2,1,0,-3,-3,25,15,7,19,13,15,17,13,16,11,16,15,15,18,17,17,13,13,17,17,10,30,16,15,17,17,16,33,15,15,14,15,16,0,3,1,0,0,0,0,0,0,1,0,0,0,0,0,0,0,0,0,0,1,0,0,0,0,2,1,0,0,1,1,0,1,0,0,0,0,0,0,0,0,0,0,0,1,0,0,0,0,6,2,0,0,1,2,1,3,1,0,1,0,0,0,0,0,0,0,0,2,0,0,0,3,7,3,1,0,2,2,1,4,1,0,2,0,0,0,0,0,0,2,0,4,0,0,0,0,2,1,0,0,0,1,0,1,0,0,0,0,0,0,0,0,0,0,0,0,0,0,0,0,2,0,0,0,0,1,0,1,0,0,0,0,0,0,0,0,0,0,0,1,0,0,0
2012_004290.jpg,0,0,0,0,0,1,0,5,0,1,2,2,0,6,4,1,1,0,0,2,0,0,0,0,0,5,1,7,2,4,5,2,4,6,4,2,0,4,2,3,3,0,0,0,0,4,3,5,6,5,4,1,7,2,6,1,2,3,1,2,0,0,7,1,2,4,1,5,4,4,2,1,6,3,3,1,2,1,1,2,0,0,45,84,7,15,17,14,-21,6,0,-19,9,14,19,22,-7,0,3,0,-12,7,3,5,-2,2,2,0,-3,5,1,-4,-3,-3,-2,0,-2,-3,-14,-11,-11,0,0,0,1,-1,0,-4,1,0,2,2,2,3,3,0,0,0,0,-2,1,0,-3,-3,34,27,25,14,9,17,16,18,15,20,17,16,17,12,17,16,12,15,10,14,16,27,16,17,16,16,19,39,15,12,14,16,9,3,5,2,0,0,0,1,0,0,0,0,0,0,0,0,0,0,0,0,0,0,0,0,0,0,1,1,1,0,1,1,1,1,0,0,0,0,0,0,0,0,0,0,0,0,0,0,0,0,1,1,1,0,1,2,1,1,0,0,0,0,0,0,0,0,0,0,0,0,0,0,0,2,5,2,3,0,2,5,2,4,0,0,0,0,0,0,0,0,0,0,0,0,0,0,0,0,1,1,1,0,0,2,1,1,0,0,0,0,0,0,0,0,0,0,0,0,0,0,0,0,0,0,1,0,0,1,0,1,0,0,0,0,0,0,0,0,0,0,0,0,0,0,0
2012_004284.jpg,2,4,2,0,0,0,6,1,0,0,1,4,5,3,2,2,2,3,3,0,6,2,1,0,1,3,4,4,3,2,1,3,2,2,5,4,0,3,2,1,6,2,2,4,2,3,3,4,4,2,1,5,1,2,4,5,5,1,1,3,4,5,5,3,4,4,6,4,5,3,0,7,3,3,4,2,7,4,2,4,0,0,-2,46,8,3,17,26,-31,-24,-31,-13,9,14,19,22,3,-3,2,5,-8,2,-1,2,-2,2,2,0,-3,5,1,-4,-3,-3,-3,-9,-3,-3,-7,-9,-15,-7,-7,-2,-9,-7,-3,-4,1,0,2,2,2,3,3,0,0,0,0,-2,1,0,-3,-3,8,16,11,23,14,19,15,13,16,15,18,15,14,16,20,19,16,14,16,16,16,34,15,11,19,16,16,29,16,18,13,15,15,0,2,4,0,0,0,0,0,1,0,0,0,0,0,1,0,0,0,0,0,1,0,0,0,0,2,2,0,0,0,0,0,1,0,0,0,0,0,0,0,0,0,0,0,1,0,0,0,2,6,6,0,0,0,0,0,2,0,0,1,0,0,1,0,0,0,2,4,5,0,0,0,1,5,6,0,0,0,0,0,2,0,0,1,0,0,1,0,0,0,1,0,1,0,0,0,0,1,2,0,0,0,0,0,1,0,0,0,0,0,0,0,0,0,0,0,1,0,0,0,0,1,2,0,0,0,0,0,0,0,0,0,0,0,0,0,0,0,0,0,1,0,0,0
2012_004326.jpg,1,2,0,0,0,5,4,3,0,2,4,1,4,2,2,4,2,1,6,3,1,5,0,0,0,4,4,3,2,2,3,4,6,3,3,3,2,4,6,3,0,5,0,1,2,1,5,6,3,3,4,3,3,3,3,1,1,0,4,3,2,5,4,5,3,3,4,6,3,5,4,5,3,1,4,4,1,6,2,4,0,0,23,49,-4,5,16,22,-26,2,-11,5,9,14,19,22,0,1,2,4,-3,6,0,-1,-2,2,2,0,-3,5,1,-4,-3,-3,-3,-4,-3,-3,-4,-5,-5,-3,1,2,-3,-2,1,3,1,0,2,2,2,3,3,0,0,0,0,-2,1,0,-3,-3,31,24,23,15,18,21,8,14,13,15,15,19,14,14,17,15,16,15,16,15,16,26,18,14,17,17,18,38,10,16,13,16,14,2,4,1,0,1,1,1,1,1,0,0,0,0,0,0,0,0,0,0,0,0,0,0,0,0,2,0,0,0,0,1,1,1,0,0,0,0,0,0,0,0,0,0,0,0,0,0,0,2,7,1,0,0,1,2,1,3,1,0,1,0,0,0,0,0,0,0,0,0,0,0,0,2,6,2,0,0,1,4,2,4,1,0,1,0,0,0,0,0,0,0,0,0,0,0,0,0,2,0,0,0,0,1,1,1,0,0,0,0,0,0,0,0,0,0,0,0,0,0,0,0,1,0,0,0,0,1,0,1,0,0,0,0,0,0,0,0,0,0,0,0,0,0,0
2012_004285.jpg,1,0,0,0,1,2,4,2,3,2,6,0,0,1,1,4,4,2,1,5,2,1,4,2,2,4,2,0,6,4,6,2,3,3,4,2,3,2,3,5,0,1,5,2,2,3,3,5,4,5,5,1,4,5,4,4,1,3,5,5,5,0,1,1,2,2,2,1,4,4,2,4,5,6,5,5,2,5,2,5,0,0,89,76,6,10,10,21,-14,9,-21,-32,9,14,19,22,-5,3,3,5,-10,5,2,13,-2,2,2,0,-3,5,1,-4,-3,-3,-1,-2,-3,-3,-13,-15,-8,1,1,3,-3,-4,-1,-13,1,0,2,2,2,3,3,0,0,0,0,-2,1,0,-3,-3,12,11,11,21,7,12,13,19,13,17,16,12,18,20,13,15,17,16,20,13,16,31,20,10,17,12,19,39,11,20,14,21,12,1,0,4,0,1,3,1,0,0,0,0,0,0,0,0,0,0,0,1,0,0,0,0,0,0,1,2,0,0,2,1,0,0,0,0,0,0,0,0,0,0,0,0,0,0,0,0,0,0,1,3,1,0,3,1,0,1,0,0,0,0,0,0,0,0,0,0,0,0,0,0,0,2,4,4,2,2,6,6,2,4,0,0,0,0,0,0,0,0,0,1,1,2,0,0,1,0,1,1,0,0,1,1,0,0,0,0,0,0,0,0,0,0,0,0,0,0,0,0,0,0,0,1,0,0,1,1,0,0,0,0,0,0,0,0,0,0,0,0,0,0,0,0,0
2012_004291.jpg,3,3,2,3,2,1,3,6,3,1,3,4,1,6,1,0,6,2,0,0,4,1,2,5,5,3,2,2,6,4,3,3,4,4,4,6,3,4,1,2,1,4,2,5,3,2,3,5,6,3,3,3,6,4,6,5,2,4,3,3,0,0,0,6,0,5,1,0,7,3,1,4,3,5,4,3,4,6,4,4,0,0,9,69,-3,6,19,17,-31,1,0,-4,9,14,19,22,-7,1,3,11,-5,3,4,5,-2,2,2,0,-3,5,1,-4,-3,-3,-3,-4,-2,-3,-4,-12,-9,-5,-1,3,1,-2,3,-1,1,0,2,2,2,3,3,0,0,0,0,-2,1,0,-3,-3,21,12,19,18,5,19,16,23,13,24,14,14,20,20,15,19,16,18,13,17,13,23,20,13,19,13,12,39,13,18,13,18,18,2,2,1,0,0,1,1,1,2,0,0,0,0,0,0,0,0,0,0,0,0,0,0,0,0,1,1,0,0,0,1,1,2,0,0,0,0,0,0,0,0,0,0,0,0,0,0,0,3,6,4,0,0,2,5,3,6,0,0,0,0,0,0,0,0,0,0,0,0,0,0,0,0,2,1,0,0,1,2,3,4,0,0,0,0,0,0,0,0,0,0,0,0,0,0,0,0,1,1,0,0,0,1,1,2,0,0,0,0,0,0,0,0,0,0,0,0,0,0,0,0,2,1,0,0,1,1,0,2,0,0,0,0,0,0,0,0,0,0,0,0,0,0,0
2012_004246.jpg,2,3,6,3,6,4,3,5,4,5,2,3,4,6,6,0,3,2,3,2,1,2,6,4,5,2,3,5,5,7,2,2,4,6,5,4,3,5,7,3,1,2,2,4,6,1,1,2,7,7,5,2,5,6,5,3,1,6,2,4,2,2,4,5,7,4,1,4,5,7,3,3,3,6,6,1,4,3,7,5,0,0,-28,39,16,30,32,30,-18,-35,-5,21,9,14,19,22,4,1,-3,2,5,3,-11,1,-2,2,2,0,-3,5,1,-4,-2,-3,-3,-7,-3,0,1,2,-4,-7,-15,-12,-11,1,4,4,1,0,2,2,2,3,3,0,0,0,0,-2,1,0,-3,-3,27,21,15,20,8,18,11,19,4,17,13,13,15,14,15,15,14,17,14,14,15,22,13,19,14,15,18,25,16,15,15,16,15,2,1,1,0,0,0,0,0,0,0,0,0,2,0,1,0,0,0,0,0,0,0,0,0,1,2,1,0,0,0,0,0,0,1,0,1,2,0,3,0,0,0,0,0,0,0,0,0,2,4,2,0,0,0,0,0,0,2,0,2,6,1,6,0,0,1,0,0,0,0,0,0,0,2,1,0,0,0,0,0,0,0,0,1,3,0,3,0,0,0,0,0,0,0,0,0,0,1,1,0,0,0,0,0,0,0,0,1,2,0,2,0,0,0,0,0,0,0,0,0,1,1,1,0,0,0,0,0,0,0,0,1,2,0,2,0,0,0,0,0,0,0,0,0
2012_004244.jpg,2,4,1,1,1,1,6,3,1,1,1,6,3,3,2,0,6,6,4,2,5,3,3,3,4,4,4,4,4,4,4,3,5,4,5,3,3,5,6,5,5,2,1,2,2,4,4,5,3,4,4,3,4,7,4,2,4,4,4,5,1,3,0,0,1,4,2,3,5,3,2,3,5,5,4,2,5,3,3,5,0,0,6,63,11,19,26,30,-31,2,-7,-5,9,14,19,22,-7,2,3,5,-15,3,3,6,-2,2,2,0,-3,5,1,-4,-3,-3,-1,-1,-2,-3,-4,-6,-15,-5,-4,0,-3,-5,0,-5,1,0,2,2,2,3,3,0,0,0,0,-2,1,0,-3,-3,11,10,25,13,15,9,16,12,13,14,16,16,17,16,17,14,16,16,15,14,15,19,17,13,16,14,17,40,14,17,15,17,14,0,0,2,0,0,0,1,1,3,0,0,1,0,0,0,0,0,0,0,0,0,0,0,0,0,0,1,0,0,0,1,1,3,0,0,0,0,0,0,0,0,0,0,0,0,0,0,0,0,1,2,0,0,0,4,3,6,0,0,2,0,0,0,0,0,0,0,0,0,0,0,0,1,1,4,0,0,0,5,4,7,0,0,2,0,0,0,0,0,0,0,0,0,0,0,0,0,0,1,0,0,0,1,1,3,0,0,0,0,0,0,0,0,0,0,0,0,0,0,0,0,0,1,0,0,0,2,1,3,0,0,0,0,0,0,0,0,0,0,0,0,0,0,0
2012_004250.jpg,1,0,0,0,0,2,0,0,1,0,0,1,1,1,1,4,0,0,0,0,0,0,0,0,0,4,1,4,1,5,3,3,4,6,2,2,1,1,0,2,0,4,0,1,0,4,2,5,4,4,2,5,5,4,6,0,0,0,0,0,0,0,0,1,0,3,4,5,6,6,4,2,4,5,4,0,1,2,2,0,0,0,42,55,-10,2,-4,6,-20,1,-15,-5,9,14,19,22,-7,7,2,7,-5,5,0,2,-2,2,2,0,-3,5,1,-4,-3,-3,-3,-8,-3,-3,-9,-13,-3,1,1,3,1,2,4,3,1,0,2,2,2,3,3,0,0,0,0,-2,1,0,-3,-3,17,16,20,20,14,8,14,25,8,13,15,20,14,15,17,15,11,14,14,16,15,27,14,13,16,15,16,37,17,17,15,16,14,0,4,4,0,0,0,3,0,4,0,0,0,0,0,0,0,0,0,0,0,1,0,0,0,1,1,1,0,0,1,1,0,1,0,0,0,0,0,0,0,0,0,0,0,0,0,0,0,0,3,2,0,0,1,1,0,2,0,0,0,0,0,0,0,0,0,0,0,0,0,0,0,2,5,2,1,0,1,3,0,4,0,0,0,0,0,0,0,0,0,0,0,0,0,0,0,1,1,0,0,0,0,1,0,1,0,0,0,0,0,0,0,0,0,0,0,0,0,0,0,1,1,0,0,0,0,0,0,1,0,0,0,0,0,0,0,0,0,0,0,0,0,0,0
2012_004293.jpg,1,5,4,4,2,1,4,1,0,2,2,3,3,4,5,0,3,2,1,1,4,1,6,2,4,3,1,4,7,3,5,1,6,6,4,1,0,2,0,2,1,3,3,4,3,3,1,5,6,3,5,3,6,3,4,2,2,1,4,3,1,3,4,5,6,3,2,4,5,5,6,1,6,2,3,4,1,0,0,1,0,0,3,38,-4,-2,8,25,-26,-3,-9,18,9,14,19,22,-6,7,-3,4,-7,5,-3,0,-2,2,2,0,-3,5,1,-4,-3,-3,-3,-10,-3,-3,0,-1,-7,-1,1,3,-2,2,4,5,1,0,2,2,2,3,3,0,0,0,0,-2,1,0,-3,-3,17,10,13,7,15,18,13,12,16,16,14,22,16,17,22,14,14,16,17,16,14,30,15,11,14,14,17,34,16,20,16,18,13,0,3,1,0,0,0,0,0,2,0,0,0,0,0,0,0,0,0,1,0,1,0,0,0,0,2,1,0,0,0,0,0,2,0,0,0,0,0,0,0,0,0,0,0,1,0,0,0,0,5,2,1,0,1,2,1,7,0,0,0,0,0,0,0,0,0,2,1,4,0,0,0,0,4,2,1,0,0,1,1,4,0,0,0,0,0,0,0,0,0,0,0,0,0,0,0,0,2,1,0,0,0,0,0,2,0,0,0,0,0,0,0,0,0,0,0,0,0,0,0,0,2,1,0,0,0,0,0,2,0,0,0,0,0,0,0,0,0,0,0,0,0,0,0
2012_004319.jpg,0,2,0,0,0,0,2,0,0,0,0,2,0,0,0,0,2,0,0,0,0,7,1,2,3,0,7,4,4,3,2,6,4,3,4,0,7,4,1,3,0,4,1,0,0,1,3,1,2,1,2,4,3,2,2,0,5,1,0,0,0,4,0,0,0,0,2,0,0,0,0,2,1,1,0,0,0,0,0,0,0,0,-2,43,3,1,25,29,-17,-8,-2,20,9,14,19,22,0,6,-3,3,-2,7,-8,1,-2,2,2,0,-3,5,1,-4,-3,-3,-3,-10,-3,-1,1,1,-4,-3,0,0,-7,2,4,4,1,0,2,2,2,3,3,0,0,0,0,-2,1,0,-3,-3,19,16,23,14,14,16,15,15,16,19,18,16,14,16,14,17,15,17,16,16,16,40,16,21,17,14,16,22,15,9,14,17,15,0,1,1,0,0,0,0,0,0,0,0,0,0,0,0,1,1,2,4,3,4,0,0,0,0,2,0,0,0,0,0,0,0,0,0,0,0,0,0,0,0,0,1,0,1,0,0,0,0,6,1,0,0,0,0,0,0,0,0,0,0,0,1,1,0,2,4,2,5,0,0,0,0,4,1,0,0,0,0,0,0,0,0,0,0,0,0,0,0,1,1,0,2,0,0,0,0,2,0,0,0,0,0,0,0,0,0,0,0,0,0,0,0,0,0,0,0,0,0,0,0,1,0,0,0,0,0,0,0,0,0,0,0,0,0,0,0,0,0,0,0,0,0,0
2012_004292.jpg,2,3,3,4,3,0,4,0,0,0,3,3,3,3,3,2,0,4,3,4,3,3,6,3,3,1,4,5,5,4,5,2,6,2,2,2,4,2,1,3,1,5,5,6,4,3,4,4,6,4,2,4,4,5,3,0,7,2,6,3,1,2,4,3,3,1,4,3,4,5,1,4,3,7,5,1,4,3,7,2,0,0,68,97,0,14,16,-6,-12,13,3,-29,9,14,19,22,-3,1,3,-5,0,5,1,-4,-2,2,2,0,-3,5,1,-4,-3,-3,0,1,0,-3,-15,-15,-1,-2,1,3,1,1,-2,3,1,0,2,2,2,3,3,0,0,0,0,-2,1,0,-3,-3,21,23,18,20,19,6,11,7,17,25,17,19,13,10,20,11,14,15,11,14,12,31,15,17,14,16,18,36,15,15,15,16,17,2,1,3,0,0,1,0,0,0,0,0,1,0,0,0,0,0,0,0,0,0,0,0,2,1,2,2,0,0,1,0,0,0,0,0,1,0,0,0,0,0,0,0,0,0,0,0,1,3,5,3,1,0,2,1,0,1,0,0,3,0,0,0,0,0,0,0,0,0,1,0,3,2,5,3,1,0,1,0,0,1,0,0,1,0,0,0,0,0,0,0,0,0,1,0,3,0,2,1,0,0,0,0,0,0,0,0,0,0,0,0,0,0,0,0,0,0,0,0,1,1,3,1,0,0,1,0,0,0,0,0,1,0,0,0,0,0,0,0,0,0,0,0,1
2012_004251.jpg,6,2,4,1,2,6,2,4,5,3,7,2,2,4,2,4,3,2,6,5,5,1,2,3,2,5,2,4,2,5,4,4,5,4,3,3,2,4,5,3,1,3,2,4,4,2,4,4,5,6,1,4,5,5,5,0,4,4,6,2,0,4,0,1,4,5,1,6,1,4,2,5,2,4,4,2,3,6,5,3,0,0,57,38,-3,7,8,25,-9,6,-23,4,9,14,19,22,-1,4,0,3,-3,5,2,7,-2,2,2,0,-3,5,1,-4,-3,-3,-2,-4,-3,-3,-4,-4,-1,1,1,3,-3,-4,4,-2,1,0,2,2,2,3,3,0,0,0,0,-2,1,0,-3,-3,27,23,19,10,13,23,11,14,17,14,15,14,16,17,17,15,16,18,16,15,15,37,9,9,15,21,17,28,18,21,17,10,13,1,3,0,0,0,0,0,0,0,0,0,0,0,0,0,0,0,0,1,1,1,0,0,0,0,3,1,0,0,1,0,0,0,0,0,0,0,0,0,0,0,0,1,1,1,0,0,0,1,6,1,0,0,1,0,0,0,0,0,0,0,0,0,0,0,0,1,3,3,0,0,0,1,7,2,2,1,4,1,0,1,1,0,0,0,0,0,1,0,1,1,1,2,0,0,1,0,3,0,0,0,0,0,0,0,0,0,0,0,0,0,0,0,0,1,1,1,0,0,0,0,3,0,0,0,0,0,0,0,0,0,0,0,0,0,0,0,0,0,1,1,0,0,0
2012_004245.jpg,2,2,2,5,7,5,2,5,2,5,1,2,4,5,7,3,1,4,3,7,3,2,2,6,2,5,0,6,6,3,2,4,5,5,5,4,1,6,6,5,4,0,2,3,4,3,2,4,6,2,5,2,2,3,5,1,3,3,4,4,1,3,2,4,6,1,4,6,4,4,2,5,3,4,4,3,4,2,4,4,0,0,36,15,2,10,9,23,-16,-15,-31,12,9,14,19,22,0,3,-3,2,-1,7,-8,2,-2,2,2,0,-3,5,1,-4,-3,-3,-3,-8,-3,-3,-3,-2,-3,-3,-4,-4,-12,-3,4,3,1,0,2,2,2,3,3,0,0,0,0,-2,1,0,-3,-3,22,9,20,26,17,21,18,15,20,22,11,14,11,18,16,19,14,19,17,13,18,32,17,19,16,16,16,31,14,13,15,16,16,1,1,2,0,0,0,1,0,0,0,0,0,0,0,0,0,0,0,0,0,1,0,0,0,1,3,1,0,0,0,1,0,1,1,0,0,0,0,0,0,0,0,1,0,1,0,0,0,2,7,2,0,0,1,2,0,2,1,0,1,0,0,0,0,0,0,2,0,3,0,0,0,1,5,3,0,0,0,1,0,1,0,0,0,0,0,0,0,0,0,2,0,3,0,0,0,1,2,1,0,0,0,1,0,0,0,0,0,0,0,0,0,0,0,0,0,1,0,0,0,1,2,1,0,0,0,1,0,0,0,0,0,0,0,0,0,0,0,1,0,1,0,0,0
